{
  "n_test_anchor": 2989,
  "obs_union_rate": 0.2816995650719304,
  "naive": {
    "auroc": [
      0.6093,
      0.5868,
      0.6311
    ],
    "auprc": [
      0.3959,
      0.367,
      0.432
    ],
    "sens": [
      0.171,
      0.1498,
      0.1899
    ],
    "spec": [
      0.9278,
      0.9201,
      0.9348
    ],
    "ppv": [
      0.4816,
      0.4186,
      0.5367
    ],
    "npv": [
      0.7405,
      0.7236,
      0.7568
    ],
    "f1": [
      0.2524,
      0.2222,
      0.2804
    ],
    "cal_slope": 0.3121,
    "cal_intercept": 0.3023,
    "brier": 0.2555,
    "mean_pred": 0.0379,
    "obs": 0.2817
  },
  "corrected": {
    "auroc": [
      0.6031,
      0.5778,
      0.626
    ],
    "auprc": [
      0.3845,
      0.3531,
      0.4162
    ],
    "sens": [
      0.1651,
      0.1427,
      0.1838
    ],
    "spec": [
      0.9255,
      0.9164,
      0.9334
    ],
    "ppv": [
      0.4649,
      0.398,
      0.5284
    ],
    "npv": [
      0.7387,
      0.7226,
      0.7558
    ],
    "f1": [
      0.2436,
      0.2101,
      0.2718
    ],
    "cal_slope": 0.1036,
    "cal_intercept": -0.8139,
    "brier": 0.2292,
    "mean_pred": 0.2043,
    "obs": 0.2817
  },
  "capture": {
    "overall": [
      0.243,
      0.234,
      0.252,
      8227
    ],
    "Plan A": [
      0.126,
      0.114,
      0.139,
      2895
    ],
    "Plan D": [
      0.151,
      0.128,
      0.177,
      841
    ],
    "Plan G": [
      0.997,
      0.991,
      0.999,
      771
    ],
    "Plan E": [
      0.243,
      0.208,
      0.281,
      523
    ],
    "Plan F": [
      0.245,
      0.225,
      0.266,
      1682
    ],
    "Plan C": [
      0.138,
      0.114,
      0.168,
      621
    ],
    "Plan B": [
      0.128,
      0.107,
      0.151,
      894
    ]
  },
  "efloor_sensitivity": {
    "0.02": {
      "mean_corrected": 0.205
    },
    "0.05": {
      "mean_corrected": 0.204
    },
    "0.1": {
      "mean_corrected": 0.2
    },
    "0.15": {
      "mean_corrected": 0.186
    },
    "0.2": {
      "mean_corrected": 0.16
    }
  },
  "obs_for_sens": 0.2816995650719304
}